{"info/e_clip":0.2,"_timestamp":1.7651255041281838e+09,"info/last_lr":0.0044444444444444444,"performance/RLTrainFPS":13142.150676273393,"losses/actor_loss":0.0008181433076970279,"losses/critic_loss":0.015377040021121502,"_runtime":621.379698282,"losses/entropy":69.26665496826172,"_wandb":{"runtime":621},"_step":180224,"performance/EnvStepFPS":300.09559402766536,"metrics/episode_rewards_per_step":-15398.596683529631,"metrics/episode_lengths_per_step":109.5282946563835,"info/kl":0.026144355535507202,"metrics/episode_success_per_step":0.8454231413901655,"losses/bounds_loss":0}