{"info/last_lr":0.01,"info/e_clip":0.2,"_wandb":{"runtime":25498},"_timestamp":1.765190561386883e+09,"performance/RLTrainFPS":13005.800791507985,"_step":6578176,"info/kl":0.011217227205634117,"metrics/episode_rewards_per_step":-36.40796737917163,"metrics/episode_success_per_step":5.446587285839696e-308,"losses/entropy":166.60226440429688,"metrics/episode_lengths_per_step":27.283042564845463,"losses/critic_loss":0.058938898146152496,"performance/EnvStepFPS":263.4472905297731,"losses/bounds_loss":0,"losses/actor_loss":0.0025291643105447292,"_runtime":25498.972692378}