{"_wandb":{"runtime":289},"_timestamp":1.7635232086279309e+09,"info/kl":0.009750652126967907,"losses/actor_loss":-0.005558180622756481,"info/e_clip":0.2,"metrics/episode_lengths_per_step":1092.2631578947369,"metrics/episode_rewards_per_step":27.071148345344945,"losses/critic_loss":0.008211316540837288,"_runtime":289.579125182,"performance/EnvStepFPS":328.18778070651734,"losses/entropy":7.736972332000732,"losses/bounds_loss":0,"_step":93184,"metrics/episode_success_per_step":0,"info/last_lr":0.01,"performance/RLTrainFPS":35601.341003862624}